sample,variant,operation_ns,preceding_pulse_ns
0,DIRTY,101375,8315875
0,FULL,63541,8286750
0,COPY_FULL,510583,8368833
0,REUSE_CLEAR,139750,8311292
0,NEW_BUFFER,253750,8317042
1,FULL,96125,8391541
1,COPY_FULL,452208,8253042
1,REUSE_CLEAR,121958,8381833
1,NEW_BUFFER,1079334,8334417
1,DIRTY,94208,8375750
2,COPY_FULL,482083,8280208
2,REUSE_CLEAR,111541,8324542
2,NEW_BUFFER,213084,8397167
2,DIRTY,88083,8276875
2,FULL,63125,8327875
3,REUSE_CLEAR,79959,8331541
3,NEW_BUFFER,188542,8331209
3,DIRTY,45333,8309041
3,FULL,43416,8365667
3,COPY_FULL,423125,8339542
4,NEW_BUFFER,984916,8340250
4,DIRTY,75208,8328750
4,FULL,45250,8331625
4,COPY_FULL,418209,8099458
4,REUSE_CLEAR,83875,8599417
5,DIRTY,90792,8301166
5,FULL,105958,8348042
5,COPY_FULL,428541,8311250
5,REUSE_CLEAR,116000,8337500
5,NEW_BUFFER,182917,8279083
6,FULL,53875,8387584
6,COPY_FULL,412459,8300375
6,REUSE_CLEAR,75500,8343625
6,NEW_BUFFER,197417,8323500
6,DIRTY,56792,8335666
7,COPY_FULL,333666,7379500
7,REUSE_CLEAR,113459,8406042
7,NEW_BUFFER,1042000,8295042
7,DIRTY,65417,8349250
7,FULL,72167,8353208
8,REUSE_CLEAR,97792,9344417
8,NEW_BUFFER,219584,8229958
8,DIRTY,71166,8294667
8,FULL,55209,8351541
8,COPY_FULL,437750,8361500
9,NEW_BUFFER,178417,8337459
9,DIRTY,94125,7428583
9,FULL,65667,9330208
9,COPY_FULL,426167,8179834
9,REUSE_CLEAR,75417,8360958
10,DIRTY,63416,8370542
10,FULL,39042,8322666
10,COPY_FULL,457833,8300500
10,REUSE_CLEAR,101291,8374000
10,NEW_BUFFER,1096584,7381167
11,FULL,75667,8341917
11,COPY_FULL,471875,8332208
11,REUSE_CLEAR,78416,8299375
11,NEW_BUFFER,182500,9386333
11,DIRTY,66333,8240625
12,COPY_FULL,445042,8340542
12,REUSE_CLEAR,72292,8331500
12,NEW_BUFFER,165583,8291167
12,DIRTY,47375,7444333
12,FULL,31375,8326917
13,REUSE_CLEAR,83500,9338875
13,NEW_BUFFER,1166500,8249625
13,DIRTY,73333,8349666
13,FULL,49750,8327334
13,COPY_FULL,442750,8329500
14,NEW_BUFFER,185250,8306833
14,DIRTY,52416,8338083
14,FULL,45292,8364667
14,COPY_FULL,507125,7459750
14,REUSE_CLEAR,99875,9255208
15,DIRTY,65875,7382125
15,FULL,45625,8291375
15,COPY_FULL,519041,8360709
15,REUSE_CLEAR,87667,8329791
15,NEW_BUFFER,212708,8325000
16,FULL,51875,9342334
16,COPY_FULL,521666,8234875
16,REUSE_CLEAR,115750,7459625
16,NEW_BUFFER,1272334,9304291
16,DIRTY,79750,8262125
17,COPY_FULL,462250,8345750
17,REUSE_CLEAR,82625,8328542
17,NEW_BUFFER,168291,8329292
17,DIRTY,52667,8316666
17,FULL,51083,8327042
18,REUSE_CLEAR,104750,8350875
18,NEW_BUFFER,131500,8299708
18,DIRTY,53500,8395167
18,FULL,64125,8254792
18,COPY_FULL,440834,8368541
19,NEW_BUFFER,1054875,8343459
19,DIRTY,103458,8336875
19,FULL,63709,8278750
19,COPY_FULL,430625,7435166
19,REUSE_CLEAR,103958,8336375
20,DIRTY,64000,8339959
20,FULL,44292,9299750
20,COPY_FULL,511208,8255541
20,REUSE_CLEAR,80709,8378750
20,NEW_BUFFER,202125,8329125
21,FULL,67500,8329417
21,COPY_FULL,564000,8337250
21,REUSE_CLEAR,121375,8334958
21,NEW_BUFFER,195375,8333500
21,DIRTY,68125,8313834
22,COPY_FULL,533125,8345583
22,REUSE_CLEAR,95208,8343083
22,NEW_BUFFER,963166,7412042
22,DIRTY,96667,9358583
22,FULL,70625,7301709
23,REUSE_CLEAR,146416,8367583
23,NEW_BUFFER,239375,8298958
23,DIRTY,107125,9360084
23,FULL,77375,8227500
23,COPY_FULL,525292,8337083
24,NEW_BUFFER,209167,8363125
24,DIRTY,62959,8296667
24,FULL,54166,8312958
24,COPY_FULL,796334,7419333
24,REUSE_CLEAR,122625,8352209
25,DIRTY,65709,8322458
25,FULL,47000,9318125
25,COPY_FULL,564042,8239292
25,REUSE_CLEAR,118500,7460250
25,NEW_BUFFER,1087625,9317583
26,FULL,80584,8273083
26,COPY_FULL,541125,8334959
26,REUSE_CLEAR,111916,8333791
26,NEW_BUFFER,208625,8330750
26,DIRTY,87750,8338125
27,COPY_FULL,461209,8316959
27,REUSE_CLEAR,91834,8305833
27,NEW_BUFFER,197875,8373375
27,DIRTY,63417,8291583
27,FULL,51958,8374084
28,REUSE_CLEAR,88084,8310125
28,NEW_BUFFER,977875,8356375
28,DIRTY,122167,8372791
28,FULL,157750,8361792
28,COPY_FULL,488292,10888625
29,NEW_BUFFER,339292,5824042
29,DIRTY,78917,8193958
29,FULL,105250,8045917
29,COPY_FULL,380167,8681500
29,REUSE_CLEAR,268292,8328416
30,DIRTY,90750,9267584
30,FULL,70958,6455375
30,COPY_FULL,510333,9303541
30,REUSE_CLEAR,153125,7355917
30,NEW_BUFFER,226375,9307000
31,FULL,81083,8301917
31,COPY_FULL,458459,8335166
31,REUSE_CLEAR,159000,19049625
31,NEW_BUFFER,874125,6004625
31,DIRTY,100292,8268875
32,COPY_FULL,463042,8309125
32,REUSE_CLEAR,85750,8347375
32,NEW_BUFFER,223833,8333959
32,DIRTY,58417,8322000
32,FULL,30750,8328916
33,REUSE_CLEAR,58042,8329792
33,NEW_BUFFER,194167,8333625
33,DIRTY,38208,8332375
33,FULL,21958,8328958
33,COPY_FULL,393500,8337834
34,NEW_BUFFER,804583,8333041
34,DIRTY,60333,8361792
34,FULL,37584,8307917
34,COPY_FULL,431042,8336000
34,REUSE_CLEAR,80375,8336916
35,DIRTY,36458,8325042
35,FULL,17791,8333542
35,COPY_FULL,482917,8336208
35,REUSE_CLEAR,76375,8308458
35,NEW_BUFFER,212125,8347542
36,FULL,34292,8347375
36,COPY_FULL,496250,8330667
36,REUSE_CLEAR,79875,8332916
36,NEW_BUFFER,185917,8329375
36,DIRTY,37333,8338334
37,COPY_FULL,492834,8324791
37,REUSE_CLEAR,80542,8341042
37,NEW_BUFFER,941792,8321833
37,DIRTY,53334,8350959
37,FULL,41500,8318125
38,REUSE_CLEAR,90375,8337625
38,NEW_BUFFER,226417,8351833
38,DIRTY,46208,8319875
38,FULL,35333,8330833
38,COPY_FULL,580958,8333792
39,NEW_BUFFER,199750,8326167
39,DIRTY,51958,8336541
39,FULL,82625,8345292
39,COPY_FULL,665584,8386333
39,REUSE_CLEAR,216833,8354750
40,DIRTY,116208,8273084
40,FULL,68583,8301833
40,COPY_FULL,643625,8362292
40,REUSE_CLEAR,182709,8329875
40,NEW_BUFFER,911834,8346250
41,FULL,84209,8348083
41,COPY_FULL,509083,8311708
41,REUSE_CLEAR,200625,8324417
41,NEW_BUFFER,256417,8352458
41,DIRTY,92584,8378500
42,COPY_FULL,327792,8253834
42,REUSE_CLEAR,100542,8333041
42,NEW_BUFFER,252708,8384250
42,DIRTY,50416,8324334
42,FULL,42208,8315791
43,REUSE_CLEAR,331084,7548084
43,NEW_BUFFER,1450291,8538708
43,DIRTY,77583,8972792
43,FULL,63250,8254833
43,COPY_FULL,453125,8316667
44,NEW_BUFFER,219667,8344375
44,DIRTY,128125,8375375
44,FULL,97750,8268125
44,COPY_FULL,548000,8370958
44,REUSE_CLEAR,241333,8351125
45,DIRTY,96583,8354708
45,FULL,75125,7889334
45,COPY_FULL,497875,7793708
45,REUSE_CLEAR,98917,8354833
45,NEW_BUFFER,357000,9465167
46,FULL,50125,7298458
46,COPY_FULL,402875,9188834
46,REUSE_CLEAR,93708,8305875
46,NEW_BUFFER,914916,8340625
46,DIRTY,72625,8311416
47,COPY_FULL,463417,8352250
47,REUSE_CLEAR,86750,8286000
47,NEW_BUFFER,227750,8325000
47,DIRTY,53834,8379584
47,FULL,45208,8332000
48,REUSE_CLEAR,88625,8301250
48,NEW_BUFFER,195334,8377458
48,DIRTY,47334,8315667
48,FULL,32083,8343041
48,COPY_FULL,579041,8319584
49,NEW_BUFFER,1033833,7877125
49,DIRTY,53917,8865166
49,FULL,41709,8245792
49,COPY_FULL,584042,8342000
49,REUSE_CLEAR,97000,8333917
50,DIRTY,37333,8338541
50,FULL,20959,8331084
50,COPY_FULL,577458,8330583
50,REUSE_CLEAR,111000,8332500
50,NEW_BUFFER,234375,8343583
51,FULL,46500,8352542
51,COPY_FULL,585208,8346042
51,REUSE_CLEAR,97375,8297833
51,NEW_BUFFER,205125,8324167
51,DIRTY,42250,8336208
52,COPY_FULL,574041,8331417
52,REUSE_CLEAR,88417,7874958
52,NEW_BUFFER,991875,8849042
52,DIRTY,48417,8303625
52,FULL,40041,8309125
53,REUSE_CLEAR,95625,8326708
53,NEW_BUFFER,209417,8314875
53,DIRTY,38417,8359375
53,FULL,27375,8210167
53,COPY_FULL,589917,8468791
54,NEW_BUFFER,190000,7484084
54,DIRTY,55292,8294916
54,FULL,45542,9296334
54,COPY_FULL,584375,7347500
54,REUSE_CLEAR,97916,9300000
55,DIRTY,40833,8248333
55,FULL,21000,8340417
55,COPY_FULL,621125,8348166
55,REUSE_CLEAR,253500,8080167
55,NEW_BUFFER,1243666,8648333
56,FULL,74000,8272417
56,COPY_FULL,397041,8347083
56,REUSE_CLEAR,110875,8305792
56,NEW_BUFFER,191250,7474375
56,DIRTY,52833,8545167
57,COPY_FULL,332750,9067208
57,REUSE_CLEAR,124750,8235375
57,NEW_BUFFER,232917,8346042
57,DIRTY,64333,8329750
57,FULL,65083,7565166
58,REUSE_CLEAR,131917,8278500
58,NEW_BUFFER,1178250,8273750
58,DIRTY,66416,8320417
58,FULL,182500,9384000
58,COPY_FULL,292875,8161083
59,NEW_BUFFER,166875,8333875
59,DIRTY,59708,8345542
59,FULL,64542,8333458
59,COPY_FULL,239958,7408209
59,REUSE_CLEAR,89208,8326541
60,DIRTY,60000,8342625
60,FULL,36375,8320000
60,COPY_FULL,531333,8343417
60,REUSE_CLEAR,99792,8876750
60,NEW_BUFFER,148542,7956417
61,FULL,49000,9156666
61,COPY_FULL,248583,8239125
61,REUSE_CLEAR,54833,8333250
61,NEW_BUFFER,1191625,8324542
61,DIRTY,53583,8364708
62,COPY_FULL,590125,8348292
62,REUSE_CLEAR,106292,8341042
62,NEW_BUFFER,171959,8366958
62,DIRTY,59750,7561875
62,FULL,69333,9135833
63,REUSE_CLEAR,163916,8351375
63,NEW_BUFFER,168000,8302917
63,DIRTY,60250,8272792
63,FULL,98750,8356416
63,COPY_FULL,313209,8350417
64,NEW_BUFFER,789667,8324042
64,DIRTY,55375,8317041
64,FULL,103500,8385209
64,COPY_FULL,302042,8252041
64,REUSE_CLEAR,112666,8358875
65,DIRTY,60375,8335250
65,FULL,65583,8306084
65,COPY_FULL,248416,7924166
65,REUSE_CLEAR,80750,8179250
65,NEW_BUFFER,346833,9044500
66,FULL,85792,8113667
66,COPY_FULL,280500,8446875
66,REUSE_CLEAR,97583,8034167
66,NEW_BUFFER,129875,8647625
66,DIRTY,67125,8337125
67,COPY_FULL,309417,7544208
67,REUSE_CLEAR,103208,9208250
67,NEW_BUFFER,812375,7475292
67,DIRTY,61708,9180041
67,FULL,55250,8246084
68,REUSE_CLEAR,84250,8341375
68,NEW_BUFFER,124709,8339250
68,DIRTY,59291,8304666
68,FULL,45792,7497375
68,COPY_FULL,269291,9267375
69,NEW_BUFFER,140042,8256709
69,DIRTY,96542,8324958
69,FULL,48292,7396125
69,COPY_FULL,282333,8712792
69,REUSE_CLEAR,74083,8931208
70,DIRTY,43042,7616333
70,FULL,43375,9021709
70,COPY_FULL,250667,8284708
70,REUSE_CLEAR,93000,8412833
70,NEW_BUFFER,723500,8271250
71,FULL,53958,8337459
71,COPY_FULL,263375,8323041
71,REUSE_CLEAR,59417,8317125
71,NEW_BUFFER,141334,8405667
71,DIRTY,80292,8318833
72,COPY_FULL,466291,8365959
72,REUSE_CLEAR,89084,8317750
72,NEW_BUFFER,143083,8294291
72,DIRTY,42208,8298042
72,FULL,77667,8407792
73,REUSE_CLEAR,84291,7687250
73,NEW_BUFFER,807583,9059083
73,DIRTY,46500,8176000
73,FULL,76417,8437583
73,COPY_FULL,461583,7945459
74,NEW_BUFFER,127708,8707250
74,DIRTY,77166,8324875
74,FULL,63625,8289958
74,COPY_FULL,424084,8407417
74,REUSE_CLEAR,74333,7361750
75,DIRTY,49875,9240625
75,FULL,43917,8330333
75,COPY_FULL,435791,8351667
75,REUSE_CLEAR,132875,8318291
75,NEW_BUFFER,135541,8324834
76,FULL,85000,8338750
76,COPY_FULL,505750,8358500
76,REUSE_CLEAR,92666,8336750
76,NEW_BUFFER,871291,8318583
76,DIRTY,62083,8336583
77,COPY_FULL,592167,8299834
77,REUSE_CLEAR,65000,8341791
77,NEW_BUFFER,197250,8308667
77,DIRTY,52417,8333042
77,FULL,29917,8334750
78,REUSE_CLEAR,100375,8331750
78,NEW_BUFFER,267250,8463291
78,DIRTY,42959,8227584
78,FULL,69958,8400833
78,COPY_FULL,560375,8325292
79,NEW_BUFFER,851667,7797083
79,DIRTY,38209,8874250
79,FULL,35375,8248667
79,COPY_FULL,570417,7515958
79,REUSE_CLEAR,85875,9197583
