mode,gesture,metric,valid,trials,median,p95
FAST,drag,aa_first_ready_from_last_input_ms,5,5,81.287,86.224
FAST,drag,aa_fx_work_max_ms,5,5,0.184,0.245
FAST,drag,aa_fx_work_sum_ms,5,5,0.437,0.484
FAST,drag,aa_publish_from_last_input_ms,5,5,81.520,89.181
FAST,drag,aa_queue_max_ms,5,5,2.990,3.434
FAST,drag,aa_reuse_preparation_ms,5,5,15.439,16.750
FAST,drag,aa_reuse_prepared_from_last_input_ms,5,5,58.544,60.583
FAST,drag,base_complete_from_last_input_ms,5,5,70.788,72.601
FAST,drag,base_complete_to_aa_ready_ms,5,5,10.500,13.622
FAST,drag,base_first_ready_from_last_input_ms,5,5,66.404,67.937
FAST,drag,base_fx_work_max_ms,5,5,2.839,3.664
FAST,drag,base_fx_work_sum_ms,5,5,2.968,3.713
FAST,drag,base_publish_from_last_input_ms,5,5,63.635,65.173
FAST,drag,base_queue_max_ms,5,5,2.320,5.685
FAST,drag,complete_from_last_input_ms,5,5,84.344,90.845
FAST,drag,fx_render_preparation_ms,5,5,39.857,42.539
FAST,drag,gesture_span_ms,5,5,104.485,113.704
FAST,drag,preview_publish_from_first_input_ms,5,5,0.158,0.195
FAST,drag,render_count,5,5,1.000,1.000
FAST,drag,render_start_from_last_input_ms,5,5,22.648,24.270
FAST,drag,render_submit_from_last_input_ms,5,5,63.651,65.188
FAST,drag,reuse_planned_from_last_input_ms,5,5,42.955,50.809
FAST,drag,reuse_planning_ms,5,5,20.649,28.161
FAST,drag,screen_probe_max_gap_ms,5,5,0.000,0.000
FAST,drag,screen_probe_total_work_ms,5,5,0.000,0.000
FAST,drag,submit_to_base_callback_ready_ms,5,5,2.749,2.774
FAST,drag,surface_preparation_ms,5,5,4.696,5.104
FAST,drag,surface_prepared_from_last_input_ms,5,5,63.648,65.186
FAST,trackpad,aa_first_ready_from_last_input_ms,5,5,140.177,152.912
FAST,trackpad,aa_fx_work_max_ms,5,5,0.153,0.242
FAST,trackpad,aa_fx_work_sum_ms,5,5,0.537,0.828
FAST,trackpad,aa_publish_from_last_input_ms,5,5,142.220,154.019
FAST,trackpad,aa_queue_max_ms,5,5,6.075,7.545
FAST,trackpad,aa_reuse_preparation_ms,5,5,14.660,19.953
FAST,trackpad,aa_reuse_prepared_from_last_input_ms,5,5,112.885,122.239
FAST,trackpad,base_complete_from_last_input_ms,5,5,130.296,141.283
FAST,trackpad,base_complete_to_aa_ready_ms,5,5,10.203,11.629
FAST,trackpad,base_first_ready_from_last_input_ms,5,5,122.544,131.761
FAST,trackpad,base_fx_work_max_ms,5,5,5.512,6.325
FAST,trackpad,base_fx_work_sum_ms,5,5,5.862,6.637
FAST,trackpad,base_publish_from_last_input_ms,5,5,118.051,127.385
FAST,trackpad,base_queue_max_ms,5,5,2.995,3.918
FAST,trackpad,complete_from_last_input_ms,5,5,150.442,163.817
FAST,trackpad,fx_render_preparation_ms,5,5,40.654,44.323
FAST,trackpad,gesture_span_ms,5,5,113.475,118.576
FAST,trackpad,preview_publish_from_first_input_ms,5,5,0.210,0.267
FAST,trackpad,render_count,5,5,1.000,1.000
FAST,trackpad,render_start_from_last_input_ms,5,5,77.418,83.091
FAST,trackpad,render_submit_from_last_input_ms,5,5,118.072,127.413
FAST,trackpad,reuse_planned_from_last_input_ms,5,5,100.834,107.579
FAST,trackpad,reuse_planning_ms,5,5,23.977,24.488
FAST,trackpad,screen_probe_max_gap_ms,5,5,0.000,0.000
FAST,trackpad,screen_probe_total_work_ms,5,5,0.000,0.000
FAST,trackpad,submit_to_base_callback_ready_ms,5,5,4.411,4.480
FAST,trackpad,surface_preparation_ms,5,5,5.170,5.234
FAST,trackpad,surface_prepared_from_last_input_ms,5,5,118.070,127.410
REFINED,drag,aa_first_ready_from_last_input_ms,5,5,100.579,108.361
REFINED,drag,aa_fx_work_max_ms,5,5,0.133,0.152
REFINED,drag,aa_fx_work_sum_ms,5,5,0.355,0.432
REFINED,drag,aa_publish_from_last_input_ms,5,5,101.941,109.529
REFINED,drag,aa_queue_max_ms,5,5,1.445,1.701
REFINED,drag,aa_reuse_preparation_ms,5,5,16.280,21.086
REFINED,drag,aa_reuse_prepared_from_last_input_ms,5,5,60.755,67.245
REFINED,drag,base_complete_from_last_input_ms,5,5,68.900,75.998
REFINED,drag,base_complete_to_aa_ready_ms,5,5,30.743,32.364
REFINED,drag,base_first_ready_from_last_input_ms,5,5,67.127,74.289
REFINED,drag,base_fx_work_max_ms,5,5,20.729,21.837
REFINED,drag,base_fx_work_sum_ms,5,5,20.734,21.843
REFINED,drag,base_queue_max_ms,5,5,0.292,2.223
REFINED,drag,complete_from_last_input_ms,5,5,103.441,111.007
REFINED,drag,fx_render_preparation_ms,5,5,41.129,48.958
REFINED,drag,gesture_span_ms,5,5,113.744,114.790
REFINED,drag,preview_publish_from_first_input_ms,5,5,0.199,0.210
REFINED,drag,render_count,5,5,1.000,1.000
REFINED,drag,render_start_from_last_input_ms,5,5,23.225,24.442
REFINED,drag,render_submit_from_last_input_ms,5,5,64.739,71.637
REFINED,drag,reuse_planned_from_last_input_ms,5,5,45.155,55.724
REFINED,drag,reuse_planning_ms,5,5,20.713,33.045
REFINED,drag,screen_probe_max_gap_ms,5,5,0.000,0.000
REFINED,drag,screen_probe_total_work_ms,5,5,0.000,0.000
REFINED,drag,submit_to_base_callback_ready_ms,5,5,2.553,3.300
REFINED,drag,surface_preparation_ms,5,5,4.267,4.722
REFINED,drag,surface_prepared_from_last_input_ms,5,5,64.735,71.633
REFINED,trackpad,aa_first_ready_from_last_input_ms,5,5,188.780,191.809
REFINED,trackpad,aa_fx_work_max_ms,5,5,0.168,0.205
REFINED,trackpad,aa_fx_work_sum_ms,5,5,0.645,0.830
REFINED,trackpad,aa_publish_from_last_input_ms,5,5,188.889,191.904
REFINED,trackpad,aa_queue_max_ms,5,5,4.492,6.788
REFINED,trackpad,aa_reuse_preparation_ms,5,5,16.176,28.193
REFINED,trackpad,aa_reuse_prepared_from_last_input_ms,5,5,129.685,133.042
REFINED,trackpad,base_complete_from_last_input_ms,5,5,155.620,160.123
REFINED,trackpad,base_complete_to_aa_ready_ms,5,5,28.657,33.175
REFINED,trackpad,base_first_ready_from_last_input_ms,5,5,152.952,157.027
REFINED,trackpad,base_fx_work_max_ms,5,5,18.336,19.172
REFINED,trackpad,base_fx_work_sum_ms,5,5,18.348,19.178
REFINED,trackpad,base_queue_max_ms,5,5,0.090,0.131
REFINED,trackpad,complete_from_last_input_ms,5,5,196.482,200.158
REFINED,trackpad,fx_render_preparation_ms,5,5,68.275,70.658
REFINED,trackpad,gesture_span_ms,5,5,114.762,118.631
REFINED,trackpad,preview_publish_from_first_input_ms,5,5,0.301,0.477
REFINED,trackpad,render_count,5,5,1.000,1.000
REFINED,trackpad,render_start_from_last_input_ms,5,5,81.815,84.049
REFINED,trackpad,render_submit_from_last_input_ms,5,5,149.384,152.473
REFINED,trackpad,reuse_planned_from_last_input_ms,5,5,102.957,120.133
REFINED,trackpad,reuse_planning_ms,5,5,20.185,38.318
REFINED,trackpad,screen_probe_max_gap_ms,5,5,0.000,0.000
REFINED,trackpad,screen_probe_total_work_ms,5,5,0.000,0.000
REFINED,trackpad,submit_to_base_callback_ready_ms,5,5,4.530,5.131
REFINED,trackpad,surface_preparation_ms,5,5,19.954,23.803
REFINED,trackpad,surface_prepared_from_last_input_ms,5,5,149.380,152.466
