# GpuDevice[name=Apple M3 Pro, apiVersion=1.1.350, vendorId=4203, deviceId=436601353, computeQueueFamily=3, maxComputeWorkGroupInvocations=1024, maxStorageBufferBytes=4294967295, numericCapabilities=[FLOAT32]]; shaderSha256=f70d438deab62fb9c64bb62dd33ea50aeccb3cda35bc0c35a10569dd28eed8ea
# Java=26.0.2; OS=26.6.2; arch=aarch64; LWJGL=3.4.2; FFM; full=true
scene,width,height,max_iterations,points,grid_allowed,raw_escaped_mismatches,raw_smooth_failures,accepted,rejected,false_accepts,max_accepted_smooth_error,wall_ms
exterior-control,384,256,32,98304,true,0,0,98304,0,0,1.92843810e-07,50.240
exterior-control,384,256,64,98304,true,0,0,98304,0,0,1.92843810e-07,39.509
exterior-control,384,256,300,98304,true,0,0,98304,0,0,1.92843810e-07,24.785
exterior-control,384,256,1000,98304,true,0,0,98304,0,0,1.92843810e-07,37.723
interior-control,384,256,32,98304,true,0,0,98304,0,0,0.00000000,25.372
interior-control,384,256,64,98304,true,0,0,98304,0,0,0.00000000,25.383
interior-control,384,256,300,98304,true,0,0,98304,0,0,0.00000000,38.151
interior-control,384,256,1000,98304,true,0,0,98304,0,0,0.00000000,54.769
overview,384,256,32,98304,true,0,4,95828,2476,0,6.43591466e-05,36.222
overview,384,256,64,98304,true,2,62,92232,6072,0,6.43591466e-05,37.655
overview,384,256,300,98304,true,28,422,87904,10400,0,6.43591466e-05,39.475
overview,384,256,1000,98304,true,22,488,87582,10722,0,6.43591466e-05,50.158
cardioid-cusp,384,256,32,98304,true,0,0,98304,0,0,0.00000000,4.939
cardioid-cusp,384,256,64,98304,true,0,4,96986,1318,0,0.000192959532,7.255
cardioid-cusp,384,256,300,98304,true,22,266,59780,38524,0,0.000280731974,14.090
cardioid-cusp,384,256,1000,98304,true,52,556,53370,44934,0,0.000280731974,31.465
seahorse-100x,384,256,32,98304,true,0,0,55738,42566,0,0.00000000,10.297
seahorse-100x,384,256,64,98304,true,2,107,6865,91439,0,0.00000000,15.041
seahorse-100x,384,256,300,98304,true,535,4153,0,98304,0,0.00000000,25.399
seahorse-100x,384,256,1000,98304,true,785,7872,0,98304,0,0.00000000,45.795
seahorse-10000x,384,256,32,98304,true,0,0,98304,0,0,0.00000000,7.536
seahorse-10000x,384,256,64,98304,true,4,65,0,98304,0,0.00000000,17.669
seahorse-10000x,384,256,300,98304,true,5728,47413,0,98304,0,0.00000000,45.983
seahorse-10000x,384,256,1000,98304,true,46,58436,0,98304,0,0.00000000,59.569
coordinate-collapse,384,256,32,98304,false,0,0,0,98304,0,0.00000000,18.838
coordinate-collapse,384,256,64,98304,false,0,0,0,98304,0,0.00000000,24.087
coordinate-collapse,384,256,300,98304,false,0,0,0,98304,0,0.00000000,85.336
coordinate-collapse,384,256,1000,98304,false,14107,6449,0,98304,0,0.00000000,272.222
panned-17--13,385,257,300,98945,true,30,390,88414,10531,0,9.04980107e-05,25.382
panned--39-28,385,257,300,98945,true,30,388,88480,10465,0,9.04980107e-05,27.376
cardioid-bulb-boundaries,0,0,1000,32768,true,0,0,56,32712,0,0.00000000,60.531
seeded-random,0,0,1000,65539,true,9,268,59790,5749,0,9.48142910e-05,47.235
overview-retina-full,3024,1964,300,5939136,true,1352,23820,5324206,614930,0,0.000176774600,1175.521
seahorse-100x-retina-full,3024,1964,300,5939136,true,30305,252718,0,5939136,0,0.00000000,1512.972
