# CPU numeric screening only; Java=26.0.2; os=Mac OS X; arch=aarch64
# Limits: coordinate error <= 1/16 pixel; exact escaped flag; iteration error <= 1; smooth error <= 0.01; no adjacent-coordinate collapse
scene,center_real,center_imaginary,scale,width,height,max_iterations,mode,points,escaped_mismatches,iteration_mismatches,iteration_over_one,smooth_over_limit,nonfinite,max_smooth_error,max_coordinate_error_pixels,collapsed_axis_neighbors,screen_pass,first_bad_x,first_bad_y
exterior-control,1.0000000000000000,1.0000000000000000,0.20000000000000000,384,256,32,COORDINATES_ONLY,98304,0,0,0,0,0,1.12167541e-07,7.60555268e-05,0,true,-1,-1
exterior-control,1.0000000000000000,1.0000000000000000,0.20000000000000000,384,256,32,FLOAT_PER_PIXEL,98304,0,0,0,0,0,1.92843810e-07,7.60555268e-05,0,true,-1,-1
exterior-control,1.0000000000000000,1.0000000000000000,0.20000000000000000,384,256,32,FLOAT_GRID,98304,0,0,0,0,0,2.42172055e-07,0.000135580699,0,true,-1,-1
exterior-control,1.0000000000000000,1.0000000000000000,0.20000000000000000,384,256,32,FLOAT_FMA,98304,0,0,0,0,0,1.56798599e-07,7.60555268e-05,0,true,-1,-1
exterior-control,1.0000000000000000,1.0000000000000000,0.20000000000000000,384,256,64,COORDINATES_ONLY,98304,0,0,0,0,0,1.12167541e-07,7.60555268e-05,0,true,-1,-1
exterior-control,1.0000000000000000,1.0000000000000000,0.20000000000000000,384,256,64,FLOAT_PER_PIXEL,98304,0,0,0,0,0,1.92843810e-07,7.60555268e-05,0,true,-1,-1
exterior-control,1.0000000000000000,1.0000000000000000,0.20000000000000000,384,256,64,FLOAT_GRID,98304,0,0,0,0,0,2.42172055e-07,0.000135580699,0,true,-1,-1
exterior-control,1.0000000000000000,1.0000000000000000,0.20000000000000000,384,256,64,FLOAT_FMA,98304,0,0,0,0,0,1.56798599e-07,7.60555268e-05,0,true,-1,-1
exterior-control,1.0000000000000000,1.0000000000000000,0.20000000000000000,384,256,300,COORDINATES_ONLY,98304,0,0,0,0,0,1.12167541e-07,7.60555268e-05,0,true,-1,-1
exterior-control,1.0000000000000000,1.0000000000000000,0.20000000000000000,384,256,300,FLOAT_PER_PIXEL,98304,0,0,0,0,0,1.92843810e-07,7.60555268e-05,0,true,-1,-1
exterior-control,1.0000000000000000,1.0000000000000000,0.20000000000000000,384,256,300,FLOAT_GRID,98304,0,0,0,0,0,2.42172055e-07,0.000135580699,0,true,-1,-1
exterior-control,1.0000000000000000,1.0000000000000000,0.20000000000000000,384,256,300,FLOAT_FMA,98304,0,0,0,0,0,1.56798599e-07,7.60555268e-05,0,true,-1,-1
exterior-control,1.0000000000000000,1.0000000000000000,0.20000000000000000,384,256,1000,COORDINATES_ONLY,98304,0,0,0,0,0,1.12167541e-07,7.60555268e-05,0,true,-1,-1
exterior-control,1.0000000000000000,1.0000000000000000,0.20000000000000000,384,256,1000,FLOAT_PER_PIXEL,98304,0,0,0,0,0,1.92843810e-07,7.60555268e-05,0,true,-1,-1
exterior-control,1.0000000000000000,1.0000000000000000,0.20000000000000000,384,256,1000,FLOAT_GRID,98304,0,0,0,0,0,2.42172055e-07,0.000135580699,0,true,-1,-1
exterior-control,1.0000000000000000,1.0000000000000000,0.20000000000000000,384,256,1000,FLOAT_FMA,98304,0,0,0,0,0,1.56798599e-07,7.60555268e-05,0,true,-1,-1
exterior-control,1.0000000000000000,1.0000000000000000,0.20000000000000000,3024,1964,32,COORDINATES_ONLY,12513,0,0,0,0,0,1.09655864e-07,0.000582091707,0,true,-1,-1
exterior-control,1.0000000000000000,1.0000000000000000,0.20000000000000000,3024,1964,32,FLOAT_PER_PIXEL,12513,0,0,0,0,0,1.82571944e-07,0.000582091707,0,true,-1,-1
exterior-control,1.0000000000000000,1.0000000000000000,0.20000000000000000,3024,1964,32,FLOAT_GRID,12513,0,0,0,0,0,2.05229507e-07,0.000849008559,0,true,-1,-1
exterior-control,1.0000000000000000,1.0000000000000000,0.20000000000000000,3024,1964,32,FLOAT_FMA,12513,0,0,0,0,0,1.49154007e-07,0.000582091707,0,true,-1,-1
exterior-control,1.0000000000000000,1.0000000000000000,0.20000000000000000,3024,1964,64,COORDINATES_ONLY,12513,0,0,0,0,0,1.09655864e-07,0.000582091707,0,true,-1,-1
exterior-control,1.0000000000000000,1.0000000000000000,0.20000000000000000,3024,1964,64,FLOAT_PER_PIXEL,12513,0,0,0,0,0,1.82571944e-07,0.000582091707,0,true,-1,-1
exterior-control,1.0000000000000000,1.0000000000000000,0.20000000000000000,3024,1964,64,FLOAT_GRID,12513,0,0,0,0,0,2.05229507e-07,0.000849008559,0,true,-1,-1
exterior-control,1.0000000000000000,1.0000000000000000,0.20000000000000000,3024,1964,64,FLOAT_FMA,12513,0,0,0,0,0,1.49154007e-07,0.000582091707,0,true,-1,-1
exterior-control,1.0000000000000000,1.0000000000000000,0.20000000000000000,3024,1964,300,COORDINATES_ONLY,12513,0,0,0,0,0,1.09655864e-07,0.000582091707,0,true,-1,-1
exterior-control,1.0000000000000000,1.0000000000000000,0.20000000000000000,3024,1964,300,FLOAT_PER_PIXEL,12513,0,0,0,0,0,1.82571944e-07,0.000582091707,0,true,-1,-1
exterior-control,1.0000000000000000,1.0000000000000000,0.20000000000000000,3024,1964,300,FLOAT_GRID,12513,0,0,0,0,0,2.05229507e-07,0.000849008559,0,true,-1,-1
exterior-control,1.0000000000000000,1.0000000000000000,0.20000000000000000,3024,1964,300,FLOAT_FMA,12513,0,0,0,0,0,1.49154007e-07,0.000582091707,0,true,-1,-1
exterior-control,1.0000000000000000,1.0000000000000000,0.20000000000000000,3024,1964,1000,COORDINATES_ONLY,12513,0,0,0,0,0,1.09655864e-07,0.000582091707,0,true,-1,-1
exterior-control,1.0000000000000000,1.0000000000000000,0.20000000000000000,3024,1964,1000,FLOAT_PER_PIXEL,12513,0,0,0,0,0,1.82571944e-07,0.000582091707,0,true,-1,-1
exterior-control,1.0000000000000000,1.0000000000000000,0.20000000000000000,3024,1964,1000,FLOAT_GRID,12513,0,0,0,0,0,2.05229507e-07,0.000849008559,0,true,-1,-1
exterior-control,1.0000000000000000,1.0000000000000000,0.20000000000000000,3024,1964,1000,FLOAT_FMA,12513,0,0,0,0,0,1.49154007e-07,0.000582091707,0,true,-1,-1
interior-control,0.0000000000000000,0.0000000000000000,0.10000000000000000,384,256,32,COORDINATES_ONLY,98304,0,0,0,0,0,0.00000000,9.38773156e-06,0,true,-1,-1
interior-control,0.0000000000000000,0.0000000000000000,0.10000000000000000,384,256,32,FLOAT_PER_PIXEL,98304,0,0,0,0,0,0.00000000,9.38773156e-06,0,true,-1,-1
interior-control,0.0000000000000000,0.0000000000000000,0.10000000000000000,384,256,32,FLOAT_GRID,98304,0,0,0,0,0,0.00000000,2.20537186e-05,0,true,-1,-1
interior-control,0.0000000000000000,0.0000000000000000,0.10000000000000000,384,256,32,FLOAT_FMA,98304,0,0,0,0,0,0.00000000,9.38773156e-06,0,true,-1,-1
interior-control,0.0000000000000000,0.0000000000000000,0.10000000000000000,384,256,64,COORDINATES_ONLY,98304,0,0,0,0,0,0.00000000,9.38773156e-06,0,true,-1,-1
interior-control,0.0000000000000000,0.0000000000000000,0.10000000000000000,384,256,64,FLOAT_PER_PIXEL,98304,0,0,0,0,0,0.00000000,9.38773156e-06,0,true,-1,-1
interior-control,0.0000000000000000,0.0000000000000000,0.10000000000000000,384,256,64,FLOAT_GRID,98304,0,0,0,0,0,0.00000000,2.20537186e-05,0,true,-1,-1
interior-control,0.0000000000000000,0.0000000000000000,0.10000000000000000,384,256,64,FLOAT_FMA,98304,0,0,0,0,0,0.00000000,9.38773156e-06,0,true,-1,-1
interior-control,0.0000000000000000,0.0000000000000000,0.10000000000000000,384,256,300,COORDINATES_ONLY,98304,0,0,0,0,0,0.00000000,9.38773156e-06,0,true,-1,-1
interior-control,0.0000000000000000,0.0000000000000000,0.10000000000000000,384,256,300,FLOAT_PER_PIXEL,98304,0,0,0,0,0,0.00000000,9.38773156e-06,0,true,-1,-1
interior-control,0.0000000000000000,0.0000000000000000,0.10000000000000000,384,256,300,FLOAT_GRID,98304,0,0,0,0,0,0.00000000,2.20537186e-05,0,true,-1,-1
interior-control,0.0000000000000000,0.0000000000000000,0.10000000000000000,384,256,300,FLOAT_FMA,98304,0,0,0,0,0,0.00000000,9.38773156e-06,0,true,-1,-1
interior-control,0.0000000000000000,0.0000000000000000,0.10000000000000000,384,256,1000,COORDINATES_ONLY,98304,0,0,0,0,0,0.00000000,9.38773156e-06,0,true,-1,-1
interior-control,0.0000000000000000,0.0000000000000000,0.10000000000000000,384,256,1000,FLOAT_PER_PIXEL,98304,0,0,0,0,0,0.00000000,9.38773156e-06,0,true,-1,-1
interior-control,0.0000000000000000,0.0000000000000000,0.10000000000000000,384,256,1000,FLOAT_GRID,98304,0,0,0,0,0,0.00000000,2.20537186e-05,0,true,-1,-1
interior-control,0.0000000000000000,0.0000000000000000,0.10000000000000000,384,256,1000,FLOAT_FMA,98304,0,0,0,0,0,0.00000000,9.38773156e-06,0,true,-1,-1
interior-control,0.0000000000000000,0.0000000000000000,0.10000000000000000,3024,1964,32,COORDINATES_ONLY,12513,0,0,0,0,0,0.00000000,6.94064354e-05,0,true,-1,-1
interior-control,0.0000000000000000,0.0000000000000000,0.10000000000000000,3024,1964,32,FLOAT_PER_PIXEL,12513,0,0,0,0,0,0.00000000,6.94064354e-05,0,true,-1,-1
interior-control,0.0000000000000000,0.0000000000000000,0.10000000000000000,3024,1964,32,FLOAT_GRID,12513,0,0,0,0,0,0.00000000,0.000182352921,0,true,-1,-1
interior-control,0.0000000000000000,0.0000000000000000,0.10000000000000000,3024,1964,32,FLOAT_FMA,12513,0,0,0,0,0,0.00000000,6.94064354e-05,0,true,-1,-1
interior-control,0.0000000000000000,0.0000000000000000,0.10000000000000000,3024,1964,64,COORDINATES_ONLY,12513,0,0,0,0,0,0.00000000,6.94064354e-05,0,true,-1,-1
interior-control,0.0000000000000000,0.0000000000000000,0.10000000000000000,3024,1964,64,FLOAT_PER_PIXEL,12513,0,0,0,0,0,0.00000000,6.94064354e-05,0,true,-1,-1
interior-control,0.0000000000000000,0.0000000000000000,0.10000000000000000,3024,1964,64,FLOAT_GRID,12513,0,0,0,0,0,0.00000000,0.000182352921,0,true,-1,-1
interior-control,0.0000000000000000,0.0000000000000000,0.10000000000000000,3024,1964,64,FLOAT_FMA,12513,0,0,0,0,0,0.00000000,6.94064354e-05,0,true,-1,-1
interior-control,0.0000000000000000,0.0000000000000000,0.10000000000000000,3024,1964,300,COORDINATES_ONLY,12513,0,0,0,0,0,0.00000000,6.94064354e-05,0,true,-1,-1
interior-control,0.0000000000000000,0.0000000000000000,0.10000000000000000,3024,1964,300,FLOAT_PER_PIXEL,12513,0,0,0,0,0,0.00000000,6.94064354e-05,0,true,-1,-1
interior-control,0.0000000000000000,0.0000000000000000,0.10000000000000000,3024,1964,300,FLOAT_GRID,12513,0,0,0,0,0,0.00000000,0.000182352921,0,true,-1,-1
interior-control,0.0000000000000000,0.0000000000000000,0.10000000000000000,3024,1964,300,FLOAT_FMA,12513,0,0,0,0,0,0.00000000,6.94064354e-05,0,true,-1,-1
interior-control,0.0000000000000000,0.0000000000000000,0.10000000000000000,3024,1964,1000,COORDINATES_ONLY,12513,0,0,0,0,0,0.00000000,6.94064354e-05,0,true,-1,-1
interior-control,0.0000000000000000,0.0000000000000000,0.10000000000000000,3024,1964,1000,FLOAT_PER_PIXEL,12513,0,0,0,0,0,0.00000000,6.94064354e-05,0,true,-1,-1
interior-control,0.0000000000000000,0.0000000000000000,0.10000000000000000,3024,1964,1000,FLOAT_GRID,12513,0,0,0,0,0,0.00000000,0.000182352921,0,true,-1,-1
interior-control,0.0000000000000000,0.0000000000000000,0.10000000000000000,3024,1964,1000,FLOAT_FMA,12513,0,0,0,0,0,0.00000000,6.94064354e-05,0,true,-1,-1
overview,-0.75000000000000000,0.0000000000000000,2.4000000000000000,384,256,32,COORDINATES_ONLY,98304,0,0,0,0,0,0.00833614653,1.25567118e-05,0,true,-1,-1
overview,-0.75000000000000000,0.0000000000000000,2.4000000000000000,384,256,32,FLOAT_PER_PIXEL,98304,0,0,0,4,0,0.0326278866,1.25567118e-05,0,false,245,39
overview,-0.75000000000000000,0.0000000000000000,2.4000000000000000,384,256,32,FLOAT_GRID,98304,0,0,0,12,0,0.0976386957,2.36564213e-05,0,false,253,32
overview,-0.75000000000000000,0.0000000000000000,2.4000000000000000,384,256,32,FLOAT_FMA,98304,0,0,0,4,0,0.0311083073,1.25567118e-05,0,false,245,39
overview,-0.75000000000000000,0.0000000000000000,2.4000000000000000,384,256,64,COORDINATES_ONLY,98304,4,8,0,46,0,0.700719269,1.25567118e-05,0,false,273,40
overview,-0.75000000000000000,0.0000000000000000,2.4000000000000000,384,256,64,FLOAT_PER_PIXEL,98304,2,12,0,62,0,0.461229976,1.25567118e-05,0,false,257,21
overview,-0.75000000000000000,0.0000000000000000,2.4000000000000000,384,256,64,FLOAT_GRID,98304,8,16,2,126,0,3.11937748,2.36564213e-05,0,false,255,17
overview,-0.75000000000000000,0.0000000000000000,2.4000000000000000,384,256,64,FLOAT_FMA,98304,2,12,0,64,0,0.889887929,1.25567118e-05,0,false,257,21
overview,-0.75000000000000000,0.0000000000000000,2.4000000000000000,384,256,300,COORDINATES_ONLY,98304,24,140,74,370,0,151.978489,1.25567118e-05,0,false,262,39
overview,-0.75000000000000000,0.0000000000000000,2.4000000000000000,384,256,300,FLOAT_PER_PIXEL,98304,28,164,98,422,0,152.366312,1.25567118e-05,0,false,254,17
overview,-0.75000000000000000,0.0000000000000000,2.4000000000000000,384,256,300,FLOAT_GRID,98304,40,234,144,580,0,128.627479,2.36564213e-05,0,false,255,17
overview,-0.75000000000000000,0.0000000000000000,2.4000000000000000,384,256,300,FLOAT_FMA,98304,24,148,96,422,0,147.237237,1.25567118e-05,0,false,254,17
overview,-0.75000000000000000,0.0000000000000000,2.4000000000000000,384,256,1000,COORDINATES_ONLY,98304,18,198,128,436,0,564.897416,1.25567118e-05,0,false,262,39
overview,-0.75000000000000000,0.0000000000000000,2.4000000000000000,384,256,1000,FLOAT_PER_PIXEL,98304,22,222,152,488,0,610.033592,1.25567118e-05,0,false,254,17
overview,-0.75000000000000000,0.0000000000000000,2.4000000000000000,384,256,1000,FLOAT_GRID,98304,28,304,212,656,0,785.383026,2.36564213e-05,0,false,255,17
overview,-0.75000000000000000,0.0000000000000000,2.4000000000000000,384,256,1000,FLOAT_FMA,98304,14,208,152,486,0,478.795770,1.25567118e-05,0,false,254,17
overview,-0.75000000000000000,0.0000000000000000,2.4000000000000000,3024,1964,32,COORDINATES_ONLY,12513,0,0,0,0,0,0.00823163493,9.50782649e-05,0,true,-1,-1
overview,-0.75000000000000000,0.0000000000000000,2.4000000000000000,3024,1964,32,FLOAT_PER_PIXEL,12513,0,0,0,3,0,0.0155383630,9.50782649e-05,0,false,1960,81
overview,-0.75000000000000000,0.0000000000000000,2.4000000000000000,3024,1964,32,FLOAT_GRID,12513,0,0,0,5,0,0.0721321698,0.000272013207,0,false,1960,81
overview,-0.75000000000000000,0.0000000000000000,2.4000000000000000,3024,1964,32,FLOAT_FMA,12513,0,0,0,2,0,0.0151395270,9.50782649e-05,0,false,1960,81
overview,-0.75000000000000000,0.0000000000000000,2.4000000000000000,3024,1964,64,COORDINATES_ONLY,12513,0,0,0,4,0,0.0798725457,9.50782649e-05,0,false,1865,449
overview,-0.75000000000000000,0.0000000000000000,2.4000000000000000,3024,1964,64,FLOAT_PER_PIXEL,12513,0,0,0,7,0,0.175968661,9.50782649e-05,0,false,1960,81
overview,-0.75000000000000000,0.0000000000000000,2.4000000000000000,3024,1964,64,FLOAT_GRID,12513,1,0,0,16,0,0.269297890,0.000272013207,0,false,1960,81
overview,-0.75000000000000000,0.0000000000000000,2.4000000000000000,3024,1964,64,FLOAT_FMA,12513,0,0,0,7,0,0.197649499,9.50782649e-05,0,false,1960,81
overview,-0.75000000000000000,0.0000000000000000,2.4000000000000000,3024,1964,300,COORDINATES_ONLY,12513,3,11,7,35,0,39.0104137,9.50782649e-05,0,false,2054,286
overview,-0.75000000000000000,0.0000000000000000,2.4000000000000000,3024,1964,300,FLOAT_PER_PIXEL,12513,2,15,10,44,0,37.1086554,9.50782649e-05,0,false,1960,81
overview,-0.75000000000000000,0.0000000000000000,2.4000000000000000,3024,1964,300,FLOAT_GRID,12513,2,26,22,69,0,99.7079990,0.000272013207,0,false,1960,81
overview,-0.75000000000000000,0.0000000000000000,2.4000000000000000,3024,1964,300,FLOAT_FMA,12513,2,18,9,43,0,38.5813265,9.50782649e-05,0,false,1960,81
overview,-0.75000000000000000,0.0000000000000000,2.4000000000000000,3024,1964,1000,COORDINATES_ONLY,12513,2,31,24,56,0,563.874666,9.50782649e-05,0,false,2054,286
overview,-0.75000000000000000,0.0000000000000000,2.4000000000000000,3024,1964,1000,FLOAT_PER_PIXEL,12513,2,35,27,65,0,436.339918,9.50782649e-05,0,false,1960,81
overview,-0.75000000000000000,0.0000000000000000,2.4000000000000000,3024,1964,1000,FLOAT_GRID,12513,2,46,42,90,0,382.202599,0.000272013207,0,false,1960,81
overview,-0.75000000000000000,0.0000000000000000,2.4000000000000000,3024,1964,1000,FLOAT_FMA,12513,2,36,25,63,0,367.607572,9.50782649e-05,0,false,1960,81
cardioid-cusp,0.25000000000000000,0.0000000000000000,0.010000000000000000,384,256,32,COORDINATES_ONLY,98304,0,0,0,0,0,0.00000000,0.000378847121,0,true,-1,-1
cardioid-cusp,0.25000000000000000,0.0000000000000000,0.010000000000000000,384,256,32,FLOAT_PER_PIXEL,98304,0,0,0,0,0,0.00000000,0.000378847121,0,true,-1,-1
cardioid-cusp,0.25000000000000000,0.0000000000000000,0.010000000000000000,384,256,32,FLOAT_GRID,98304,0,0,0,0,0,0.00000000,0.000562032064,0,true,-1,-1
cardioid-cusp,0.25000000000000000,0.0000000000000000,0.010000000000000000,384,256,32,FLOAT_FMA,98304,0,0,0,0,0,0.00000000,0.000378847121,0,true,-1,-1
cardioid-cusp,0.25000000000000000,0.0000000000000000,0.010000000000000000,384,256,64,COORDINATES_ONLY,98304,0,2,0,6,0,0.107036974,0.000378847121,0,false,370,105
cardioid-cusp,0.25000000000000000,0.0000000000000000,0.010000000000000000,384,256,64,FLOAT_PER_PIXEL,98304,0,0,0,4,0,0.0417272301,0.000378847121,0,false,370,105
cardioid-cusp,0.25000000000000000,0.0000000000000000,0.010000000000000000,384,256,64,FLOAT_GRID,98304,0,0,0,6,0,0.0621891474,0.000562032064,0,false,380,103
cardioid-cusp,0.25000000000000000,0.0000000000000000,0.010000000000000000,384,256,64,FLOAT_FMA,98304,0,0,0,4,0,0.135358392,0.000378847121,0,false,370,105
cardioid-cusp,0.25000000000000000,0.0000000000000000,0.010000000000000000,384,256,300,COORDINATES_ONLY,98304,20,58,12,246,0,80.2689397,0.000378847121,0,false,379,96
cardioid-cusp,0.25000000000000000,0.0000000000000000,0.010000000000000000,384,256,300,FLOAT_PER_PIXEL,98304,22,66,12,266,0,78.4351856,0.000378847121,0,false,379,96
cardioid-cusp,0.25000000000000000,0.0000000000000000,0.010000000000000000,384,256,300,FLOAT_GRID,98304,24,70,22,292,0,101.497491,0.000562032064,0,false,379,96
cardioid-cusp,0.25000000000000000,0.0000000000000000,0.010000000000000000,384,256,300,FLOAT_FMA,98304,22,54,12,264,0,74.7857330,0.000378847121,0,false,379,96
cardioid-cusp,0.25000000000000000,0.0000000000000000,0.010000000000000000,384,256,1000,COORDINATES_ONLY,98304,60,242,140,518,0,695.852385,0.000378847121,0,false,380,95
cardioid-cusp,0.25000000000000000,0.0000000000000000,0.010000000000000000,384,256,1000,FLOAT_PER_PIXEL,98304,52,262,162,556,0,695.950643,0.000378847121,0,false,380,95
cardioid-cusp,0.25000000000000000,0.0000000000000000,0.010000000000000000,384,256,1000,FLOAT_GRID,98304,72,242,144,560,0,696.326597,0.000562032064,0,false,380,95
cardioid-cusp,0.25000000000000000,0.0000000000000000,0.010000000000000000,384,256,1000,FLOAT_FMA,98304,56,232,140,540,0,695.522562,0.000378847121,0,false,380,95
cardioid-cusp,0.25000000000000000,0.0000000000000000,0.010000000000000000,3024,1964,32,COORDINATES_ONLY,12513,0,0,0,0,0,0.00000000,0.00282387444,0,true,-1,-1
cardioid-cusp,0.25000000000000000,0.0000000000000000,0.010000000000000000,3024,1964,32,FLOAT_PER_PIXEL,12513,0,0,0,0,0,0.00000000,0.00282387444,0,true,-1,-1
cardioid-cusp,0.25000000000000000,0.0000000000000000,0.010000000000000000,3024,1964,32,FLOAT_GRID,12513,0,0,0,0,0,0.00000000,0.00420109873,0,true,-1,-1
cardioid-cusp,0.25000000000000000,0.0000000000000000,0.010000000000000000,3024,1964,32,FLOAT_FMA,12513,0,0,0,0,0,0.00000000,0.00282387444,0,true,-1,-1
cardioid-cusp,0.25000000000000000,0.0000000000000000,0.010000000000000000,3024,1964,64,COORDINATES_ONLY,12513,0,0,0,0,0,0.00564623733,0.00282387444,0,true,-1,-1
cardioid-cusp,0.25000000000000000,0.0000000000000000,0.010000000000000000,3024,1964,64,FLOAT_PER_PIXEL,12513,0,0,0,0,0,0.00311418725,0.00282387444,0,true,-1,-1
cardioid-cusp,0.25000000000000000,0.0000000000000000,0.010000000000000000,3024,1964,64,FLOAT_GRID,12513,0,0,0,0,0,0.00335113903,0.00420109873,0,true,-1,-1
cardioid-cusp,0.25000000000000000,0.0000000000000000,0.010000000000000000,3024,1964,64,FLOAT_FMA,12513,0,0,0,0,0,0.00696310915,0.00282387444,0,true,-1,-1
cardioid-cusp,0.25000000000000000,0.0000000000000000,0.010000000000000000,3024,1964,300,COORDINATES_ONLY,12513,2,6,1,31,0,1.38994784,0.00282387444,0,false,2928,756
cardioid-cusp,0.25000000000000000,0.0000000000000000,0.010000000000000000,3024,1964,300,FLOAT_PER_PIXEL,12513,2,5,2,27,0,2.03674588,0.00282387444,0,false,2786,777
cardioid-cusp,0.25000000000000000,0.0000000000000000,0.010000000000000000,3024,1964,300,FLOAT_GRID,12513,2,5,2,28,0,2.02047169,0.00420109873,0,false,2786,777
cardioid-cusp,0.25000000000000000,0.0000000000000000,0.010000000000000000,3024,1964,300,FLOAT_FMA,12513,2,3,1,33,0,1.55211229,0.00282387444,0,false,2928,756
cardioid-cusp,0.25000000000000000,0.0000000000000000,0.010000000000000000,3024,1964,1000,COORDINATES_ONLY,12513,6,24,15,64,0,440.350223,0.00282387444,0,false,2952,736
cardioid-cusp,0.25000000000000000,0.0000000000000000,0.010000000000000000,3024,1964,1000,FLOAT_PER_PIXEL,12513,8,23,17,60,0,635.479342,0.00282387444,0,false,2952,736
cardioid-cusp,0.25000000000000000,0.0000000000000000,0.010000000000000000,3024,1964,1000,FLOAT_GRID,12513,8,21,15,60,0,277.475648,0.00420109873,0,false,2952,736
cardioid-cusp,0.25000000000000000,0.0000000000000000,0.010000000000000000,3024,1964,1000,FLOAT_FMA,12513,9,21,16,66,0,327.154491,0.00282387444,0,false,2952,736
seahorse-100x,-0.74364388703715100,0.13182590420533000,0.024000000000000000,384,256,32,COORDINATES_ONLY,98304,0,0,0,0,0,0.00105308288,0.000316597390,0,true,-1,-1
seahorse-100x,-0.74364388703715100,0.13182590420533000,0.024000000000000000,384,256,32,FLOAT_PER_PIXEL,98304,0,0,0,0,0,0.00246901339,0.000316597390,0,true,-1,-1
seahorse-100x,-0.74364388703715100,0.13182590420533000,0.024000000000000000,384,256,32,FLOAT_GRID,98304,0,0,0,0,0,0.00246901339,0.000325763261,0,true,-1,-1
seahorse-100x,-0.74364388703715100,0.13182590420533000,0.024000000000000000,384,256,32,FLOAT_FMA,98304,0,0,0,0,0,0.00234695560,0.000316597390,0,true,-1,-1
seahorse-100x,-0.74364388703715100,0.13182590420533000,0.024000000000000000,384,256,64,COORDINATES_ONLY,98304,2,7,1,77,0,1.87198006,0.000316597390,0,false,194,3
seahorse-100x,-0.74364388703715100,0.13182590420533000,0.024000000000000000,384,256,64,FLOAT_PER_PIXEL,98304,2,8,1,107,0,5.31375917,0.000316597390,0,false,255,0
seahorse-100x,-0.74364388703715100,0.13182590420533000,0.024000000000000000,384,256,64,FLOAT_GRID,98304,2,7,1,104,0,5.31375917,0.000325763261,0,false,255,0
seahorse-100x,-0.74364388703715100,0.13182590420533000,0.024000000000000000,384,256,64,FLOAT_FMA,98304,2,7,1,109,0,2.10537107,0.000316597390,0,false,194,3
seahorse-100x,-0.74364388703715100,0.13182590420533000,0.024000000000000000,384,256,300,COORDINATES_ONLY,98304,467,1132,625,3733,0,196.780893,0.000316597390,0,false,199,0
seahorse-100x,-0.74364388703715100,0.13182590420533000,0.024000000000000000,384,256,300,FLOAT_PER_PIXEL,98304,535,1267,716,4153,0,169.195134,0.000316597390,0,false,199,0
seahorse-100x,-0.74364388703715100,0.13182590420533000,0.024000000000000000,384,256,300,FLOAT_GRID,98304,531,1262,725,4166,0,169.195134,0.000325763261,0,false,199,0
seahorse-100x,-0.74364388703715100,0.13182590420533000,0.024000000000000000,384,256,300,FLOAT_FMA,98304,514,1269,688,4089,0,181.735184,0.000316597390,0,false,199,0
seahorse-100x,-0.74364388703715100,0.13182590420533000,0.024000000000000000,384,256,1000,COORDINATES_ONLY,98304,771,3909,3004,7401,0,831.100185,0.000316597390,0,false,199,0
seahorse-100x,-0.74364388703715100,0.13182590420533000,0.024000000000000000,384,256,1000,FLOAT_PER_PIXEL,98304,785,4184,3243,7872,0,784.847568,0.000316597390,0,false,199,0
seahorse-100x,-0.74364388703715100,0.13182590420533000,0.024000000000000000,384,256,1000,FLOAT_GRID,98304,787,4170,3250,7885,0,784.847568,0.000325763261,0,false,199,0
seahorse-100x,-0.74364388703715100,0.13182590420533000,0.024000000000000000,384,256,1000,FLOAT_FMA,98304,789,4142,3182,7811,0,785.302382,0.000316597390,0,false,199,0
seahorse-100x,-0.74364388703715100,0.13182590420533000,0.024000000000000000,3024,1964,32,COORDINATES_ONLY,12513,0,0,0,0,0,0.00151172072,0.00208229659,0,true,-1,-1
seahorse-100x,-0.74364388703715100,0.13182590420533000,0.024000000000000000,3024,1964,32,FLOAT_PER_PIXEL,12513,0,0,0,0,0,0.00172405342,0.00208229659,0,true,-1,-1
seahorse-100x,-0.74364388703715100,0.13182590420533000,0.024000000000000000,3024,1964,32,FLOAT_GRID,12513,0,0,0,0,0,0.00172405342,0.00208229659,0,true,-1,-1
seahorse-100x,-0.74364388703715100,0.13182590420533000,0.024000000000000000,3024,1964,32,FLOAT_FMA,12513,0,0,0,0,0,0.000985839555,0.00208229659,0,true,-1,-1
seahorse-100x,-0.74364388703715100,0.13182590420533000,0.024000000000000000,3024,1964,64,COORDINATES_ONLY,12513,0,0,0,8,0,0.0481751422,0.00208229659,0,false,1605,0
seahorse-100x,-0.74364388703715100,0.13182590420533000,0.024000000000000000,3024,1964,64,FLOAT_PER_PIXEL,12513,0,1,0,11,0,0.155300903,0.00208229659,0,false,1605,0
seahorse-100x,-0.74364388703715100,0.13182590420533000,0.024000000000000000,3024,1964,64,FLOAT_GRID,12513,0,2,0,13,0,0.217908987,0.00208229659,0,false,1605,0
seahorse-100x,-0.74364388703715100,0.13182590420533000,0.024000000000000000,3024,1964,64,FLOAT_FMA,12513,0,1,0,15,0,0.156229056,0.00208229659,0,false,1605,0
seahorse-100x,-0.74364388703715100,0.13182590420533000,0.024000000000000000,3024,1964,300,COORDINATES_ONLY,12513,64,183,98,526,0,184.699819,0.00208229659,0,false,1582,0
seahorse-100x,-0.74364388703715100,0.13182590420533000,0.024000000000000000,3024,1964,300,FLOAT_PER_PIXEL,12513,70,184,105,535,0,152.194417,0.00208229659,0,false,1582,0
seahorse-100x,-0.74364388703715100,0.13182590420533000,0.024000000000000000,3024,1964,300,FLOAT_GRID,12513,72,186,108,538,0,152.194417,0.00208229659,0,false,1582,0
seahorse-100x,-0.74364388703715100,0.13182590420533000,0.024000000000000000,3024,1964,300,FLOAT_FMA,12513,81,174,95,546,0,137.884500,0.00208229659,0,false,1605,0
seahorse-100x,-0.74364388703715100,0.13182590420533000,0.024000000000000000,3024,1964,1000,COORDINATES_ONLY,12513,96,541,399,988,0,814.248773,0.00208229659,0,false,1582,0
seahorse-100x,-0.74364388703715100,0.13182590420533000,0.024000000000000000,3024,1964,1000,FLOAT_PER_PIXEL,12513,92,545,416,1000,0,818.694320,0.00208229659,0,false,1582,0
seahorse-100x,-0.74364388703715100,0.13182590420533000,0.024000000000000000,3024,1964,1000,FLOAT_GRID,12513,93,549,420,1001,0,818.694320,0.00208229659,0,false,1582,0
seahorse-100x,-0.74364388703715100,0.13182590420533000,0.024000000000000000,3024,1964,1000,FLOAT_FMA,12513,77,548,414,1025,0,813.945264,0.00208229659,0,false,1605,0
seahorse-10000x,-0.74364388703715100,0.13182590420533000,0.00024000000000000000,384,256,32,COORDINATES_ONLY,98304,0,0,0,0,0,0.00000000,0.0316532683,0,true,-1,-1
seahorse-10000x,-0.74364388703715100,0.13182590420533000,0.00024000000000000000,384,256,32,FLOAT_PER_PIXEL,98304,0,0,0,0,0,0.00000000,0.0316532683,0,true,-1,-1
seahorse-10000x,-0.74364388703715100,0.13182590420533000,0.00024000000000000000,384,256,32,FLOAT_GRID,98304,0,0,0,0,0,0.00000000,0.0326489112,0,true,-1,-1
seahorse-10000x,-0.74364388703715100,0.13182590420533000,0.00024000000000000000,384,256,32,FLOAT_FMA,98304,0,0,0,0,0,0.00000000,0.0316532683,0,true,-1,-1
seahorse-10000x,-0.74364388703715100,0.13182590420533000,0.00024000000000000000,384,256,64,COORDINATES_ONLY,98304,2,2,0,41,0,0.211949166,0.0316532683,0,false,223,0
seahorse-10000x,-0.74364388703715100,0.13182590420533000,0.00024000000000000000,384,256,64,FLOAT_PER_PIXEL,98304,4,4,0,65,0,0.237345081,0.0316532683,0,false,194,0
seahorse-10000x,-0.74364388703715100,0.13182590420533000,0.00024000000000000000,384,256,64,FLOAT_GRID,98304,4,3,0,61,0,0.237345081,0.0326489112,0,false,194,0
seahorse-10000x,-0.74364388703715100,0.13182590420533000,0.00024000000000000000,384,256,64,FLOAT_FMA,98304,3,5,0,59,0,0.211654382,0.0316532683,0,false,222,0
seahorse-10000x,-0.74364388703715100,0.13182590420533000,0.00024000000000000000,384,256,300,COORDINATES_ONLY,98304,5267,15723,9511,43269,0,222.753037,0.0316532683,0,false,1,0
seahorse-10000x,-0.74364388703715100,0.13182590420533000,0.00024000000000000000,384,256,300,FLOAT_PER_PIXEL,98304,5728,17341,10600,47413,0,200.769481,0.0316532683,0,false,1,0
seahorse-10000x,-0.74364388703715100,0.13182590420533000,0.00024000000000000000,384,256,300,FLOAT_GRID,98304,5742,17401,10677,47548,0,200.769481,0.0326489112,0,false,1,0
seahorse-10000x,-0.74364388703715100,0.13182590420533000,0.00024000000000000000,384,256,300,FLOAT_FMA,98304,5743,16986,10391,46732,0,207.077996,0.0316532683,0,false,0,0
seahorse-10000x,-0.74364388703715100,0.13182590420533000,0.00024000000000000000,384,256,1000,COORDINATES_ONLY,98304,41,26012,19420,54012,0,792.597885,0.0316532683,0,false,1,0
seahorse-10000x,-0.74364388703715100,0.13182590420533000,0.00024000000000000000,384,256,1000,FLOAT_PER_PIXEL,98304,46,27994,20930,58436,0,815.183645,0.0316532683,0,false,1,0
seahorse-10000x,-0.74364388703715100,0.13182590420533000,0.00024000000000000000,384,256,1000,FLOAT_GRID,98304,43,28056,21024,58575,0,815.183645,0.0326489112,0,false,1,0
seahorse-10000x,-0.74364388703715100,0.13182590420533000,0.00024000000000000000,384,256,1000,FLOAT_FMA,98304,49,27645,20673,57774,0,792.305396,0.0316532683,0,false,0,0
seahorse-10000x,-0.74364388703715100,0.13182590420533000,0.00024000000000000000,3024,1964,32,COORDINATES_ONLY,12513,0,0,0,0,0,0.00000000,0.236372578,0,false,23,0
seahorse-10000x,-0.74364388703715100,0.13182590420533000,0.00024000000000000000,3024,1964,32,FLOAT_PER_PIXEL,12513,0,0,0,0,0,0.00000000,0.236372578,0,false,23,0
seahorse-10000x,-0.74364388703715100,0.13182590420533000,0.00024000000000000000,3024,1964,32,FLOAT_GRID,12513,0,0,0,0,0,0.00000000,0.251301256,0,false,23,0
seahorse-10000x,-0.74364388703715100,0.13182590420533000,0.00024000000000000000,3024,1964,32,FLOAT_FMA,12513,0,0,0,0,0,0.00000000,0.236372578,0,false,23,0
seahorse-10000x,-0.74364388703715100,0.13182590420533000,0.00024000000000000000,3024,1964,64,COORDINATES_ONLY,12513,0,1,0,4,0,0.160203671,0.236372578,0,false,23,0
seahorse-10000x,-0.74364388703715100,0.13182590420533000,0.00024000000000000000,3024,1964,64,FLOAT_PER_PIXEL,12513,0,0,0,9,0,0.0891177896,0.236372578,0,false,23,0
seahorse-10000x,-0.74364388703715100,0.13182590420533000,0.00024000000000000000,3024,1964,64,FLOAT_GRID,12513,0,0,0,10,0,0.0891177896,0.251301256,0,false,23,0
seahorse-10000x,-0.74364388703715100,0.13182590420533000,0.00024000000000000000,3024,1964,64,FLOAT_FMA,12513,0,0,0,4,0,0.0767827501,0.236372578,0,false,23,0
seahorse-10000x,-0.74364388703715100,0.13182590420533000,0.00024000000000000000,3024,1964,300,COORDINATES_ONLY,12513,672,2040,1218,5547,0,173.619559,0.236372578,0,false,0,0
seahorse-10000x,-0.74364388703715100,0.13182590420533000,0.00024000000000000000,3024,1964,300,FLOAT_PER_PIXEL,12513,716,2255,1380,6173,0,188.450458,0.236372578,0,false,0,0
seahorse-10000x,-0.74364388703715100,0.13182590420533000,0.00024000000000000000,3024,1964,300,FLOAT_GRID,12513,724,2265,1426,6180,0,182.659073,0.251301256,0,false,0,0
seahorse-10000x,-0.74364388703715100,0.13182590420533000,0.00024000000000000000,3024,1964,300,FLOAT_FMA,12513,704,2234,1345,6052,0,184.186921,0.236372578,0,false,0,0
seahorse-10000x,-0.74364388703715100,0.13182590420533000,0.00024000000000000000,3024,1964,1000,COORDINATES_ONLY,12513,4,3322,2452,6899,0,737.313125,0.236372578,0,false,0,0
seahorse-10000x,-0.74364388703715100,0.13182590420533000,0.00024000000000000000,3024,1964,1000,FLOAT_PER_PIXEL,12513,3,3580,2655,7553,0,738.676523,0.236372578,0,false,0,0
seahorse-10000x,-0.74364388703715100,0.13182590420533000,0.00024000000000000000,3024,1964,1000,FLOAT_GRID,12513,3,3597,2708,7563,0,739.326228,0.251301256,0,false,0,0
seahorse-10000x,-0.74364388703715100,0.13182590420533000,0.00024000000000000000,3024,1964,1000,FLOAT_FMA,12513,6,3545,2606,7414,0,738.038514,0.236372578,0,false,0,0
coordinate-collapse,-0.74364388703715100,0.13182590420533000,1.0000000000000000e-07,384,256,32,COORDINATES_ONLY,98304,0,0,0,0,0,0.00000000,75.9384570,629,false,0,0
coordinate-collapse,-0.74364388703715100,0.13182590420533000,1.0000000000000000e-07,384,256,32,FLOAT_PER_PIXEL,98304,0,0,0,0,0,0.00000000,75.9384570,629,false,0,0
coordinate-collapse,-0.74364388703715100,0.13182590420533000,1.0000000000000000e-07,384,256,32,FLOAT_GRID,98304,0,0,0,0,0,0.00000000,133.128983,628,false,0,0
coordinate-collapse,-0.74364388703715100,0.13182590420533000,1.0000000000000000e-07,384,256,32,FLOAT_FMA,98304,0,0,0,0,0,0.00000000,75.9384570,629,false,0,0
coordinate-collapse,-0.74364388703715100,0.13182590420533000,1.0000000000000000e-07,384,256,64,COORDINATES_ONLY,98304,0,0,0,0,0,0.00000000,75.9384570,629,false,0,0
coordinate-collapse,-0.74364388703715100,0.13182590420533000,1.0000000000000000e-07,384,256,64,FLOAT_PER_PIXEL,98304,0,0,0,0,0,0.00000000,75.9384570,629,false,0,0
coordinate-collapse,-0.74364388703715100,0.13182590420533000,1.0000000000000000e-07,384,256,64,FLOAT_GRID,98304,0,0,0,0,0,0.00000000,133.128983,628,false,0,0
coordinate-collapse,-0.74364388703715100,0.13182590420533000,1.0000000000000000e-07,384,256,64,FLOAT_FMA,98304,0,0,0,0,0,0.00000000,75.9384570,629,false,0,0
coordinate-collapse,-0.74364388703715100,0.13182590420533000,1.0000000000000000e-07,384,256,300,COORDINATES_ONLY,98304,0,0,0,0,0,0.00000000,75.9384570,629,false,0,0
coordinate-collapse,-0.74364388703715100,0.13182590420533000,1.0000000000000000e-07,384,256,300,FLOAT_PER_PIXEL,98304,0,0,0,0,0,0.00000000,75.9384570,629,false,0,0
coordinate-collapse,-0.74364388703715100,0.13182590420533000,1.0000000000000000e-07,384,256,300,FLOAT_GRID,98304,0,0,0,0,0,0.00000000,133.128983,628,false,0,0
coordinate-collapse,-0.74364388703715100,0.13182590420533000,1.0000000000000000e-07,384,256,300,FLOAT_FMA,98304,0,0,0,0,0,0.00000000,75.9384570,629,false,0,0
coordinate-collapse,-0.74364388703715100,0.13182590420533000,1.0000000000000000e-07,384,256,1000,COORDINATES_ONLY,98304,12803,16839,16437,17013,0,172.580382,75.9384570,629,false,0,0
coordinate-collapse,-0.74364388703715100,0.13182590420533000,1.0000000000000000e-07,384,256,1000,FLOAT_PER_PIXEL,98304,14107,6412,6326,6449,0,224.955813,75.9384570,629,false,0,0
coordinate-collapse,-0.74364388703715100,0.13182590420533000,1.0000000000000000e-07,384,256,1000,FLOAT_GRID,98304,13364,6081,5966,6143,0,224.955813,133.128983,628,false,0,0
coordinate-collapse,-0.74364388703715100,0.13182590420533000,1.0000000000000000e-07,384,256,1000,FLOAT_FMA,98304,11695,11651,11392,11795,0,154.584704,75.9384570,629,false,0,0
coordinate-collapse,-0.74364388703715100,0.13182590420533000,1.0000000000000000e-07,3024,1964,32,COORDINATES_ONLY,12513,0,0,0,0,0,0.00000000,580.433158,4977,false,0,0
coordinate-collapse,-0.74364388703715100,0.13182590420533000,1.0000000000000000e-07,3024,1964,32,FLOAT_PER_PIXEL,12513,0,0,0,0,0,0.00000000,580.433158,4977,false,0,0
coordinate-collapse,-0.74364388703715100,0.13182590420533000,1.0000000000000000e-07,3024,1964,32,FLOAT_GRID,12513,0,0,0,0,0,0.00000000,1064.31117,4976,false,0,0
coordinate-collapse,-0.74364388703715100,0.13182590420533000,1.0000000000000000e-07,3024,1964,32,FLOAT_FMA,12513,0,0,0,0,0,0.00000000,580.433158,4977,false,0,0
coordinate-collapse,-0.74364388703715100,0.13182590420533000,1.0000000000000000e-07,3024,1964,64,COORDINATES_ONLY,12513,0,0,0,0,0,0.00000000,580.433158,4977,false,0,0
coordinate-collapse,-0.74364388703715100,0.13182590420533000,1.0000000000000000e-07,3024,1964,64,FLOAT_PER_PIXEL,12513,0,0,0,0,0,0.00000000,580.433158,4977,false,0,0
coordinate-collapse,-0.74364388703715100,0.13182590420533000,1.0000000000000000e-07,3024,1964,64,FLOAT_GRID,12513,0,0,0,0,0,0.00000000,1064.31117,4976,false,0,0
coordinate-collapse,-0.74364388703715100,0.13182590420533000,1.0000000000000000e-07,3024,1964,64,FLOAT_FMA,12513,0,0,0,0,0,0.00000000,580.433158,4977,false,0,0
coordinate-collapse,-0.74364388703715100,0.13182590420533000,1.0000000000000000e-07,3024,1964,300,COORDINATES_ONLY,12513,0,0,0,0,0,0.00000000,580.433158,4977,false,0,0
coordinate-collapse,-0.74364388703715100,0.13182590420533000,1.0000000000000000e-07,3024,1964,300,FLOAT_PER_PIXEL,12513,0,0,0,0,0,0.00000000,580.433158,4977,false,0,0
coordinate-collapse,-0.74364388703715100,0.13182590420533000,1.0000000000000000e-07,3024,1964,300,FLOAT_GRID,12513,0,0,0,0,0,0.00000000,1064.31117,4976,false,0,0
coordinate-collapse,-0.74364388703715100,0.13182590420533000,1.0000000000000000e-07,3024,1964,300,FLOAT_FMA,12513,0,0,0,0,0,0.00000000,580.433158,4977,false,0,0
coordinate-collapse,-0.74364388703715100,0.13182590420533000,1.0000000000000000e-07,3024,1964,1000,COORDINATES_ONLY,12513,1611,2076,2028,2099,0,171.411940,580.433158,4977,false,0,0
coordinate-collapse,-0.74364388703715100,0.13182590420533000,1.0000000000000000e-07,3024,1964,1000,FLOAT_PER_PIXEL,12513,1744,799,787,804,0,223.787372,580.433158,4977,false,0,0
coordinate-collapse,-0.74364388703715100,0.13182590420533000,1.0000000000000000e-07,3024,1964,1000,FLOAT_GRID,12513,1678,751,735,760,0,216.210567,1064.31117,4976,false,0,0
coordinate-collapse,-0.74364388703715100,0.13182590420533000,1.0000000000000000e-07,3024,1964,1000,FLOAT_FMA,12513,1478,1439,1414,1456,0,153.416263,580.433158,4977,false,0,0
