pair,order,build,fixture,phase,run,width,height,backend,cap,first_aa_tile_ms,aa_ms,sample_hash,argb_hash,heap_before_bytes,heap_after_bytes,gc_count_delta,gc_ms_delta
0,AB,A,mandelbrot-aa-regular,sample,0,1512,982,DirectDoubleRenderBackend,300,2.270542,42.588584,-5436057750372701143,2007938983,322360672,298654544,1,1
0,AB,A,julia-aa-retained,sample,0,1512,982,DirectDoubleRenderBackend,300,10.495792,22.432292,1826826780153844555,113431745,409885008,972970320,0,0
0,AB,B,mandelbrot-aa-regular,sample,0,1512,982,DirectDoubleRenderBackend,300,3.371584,40.884875,-5436057750372701143,2007938983,377176144,374850048,1,2
0,AB,B,julia-aa-retained,sample,0,1512,982,DirectDoubleRenderBackend,300,8.307917,24.763917,1826826780153844555,113431745,317506512,879543248,0,0
1,BA,B,mandelbrot-aa-regular,sample,0,1512,982,DirectDoubleRenderBackend,300,2.054625,42.264542,-5436057750372701143,2007938983,371148496,629979728,0,0
1,BA,B,julia-aa-retained,sample,0,1512,982,DirectDoubleRenderBackend,300,7.396333,23.369375,1826826780153844555,113431745,820748872,633602064,1,7
1,BA,A,mandelbrot-aa-regular,sample,0,1512,982,DirectDoubleRenderBackend,300,2.077084,41.734792,-5436057750372701143,2007938983,370618152,629886928,0,0
1,BA,A,julia-aa-retained,sample,0,1512,982,DirectDoubleRenderBackend,300,9.554375,23.139833,1826826780153844555,113431745,846881520,651656688,1,8
2,AB,A,mandelbrot-aa-regular,sample,0,1512,982,DirectDoubleRenderBackend,300,2.028833,48.157875,-5436057750372701143,2007938983,137005568,395160128,0,0
2,AB,A,julia-aa-retained,sample,0,1512,982,DirectDoubleRenderBackend,300,13.297709,36.007209,1826826780153844555,113431745,368035976,288791976,1,10
2,AB,B,mandelbrot-aa-regular,sample,0,1512,982,DirectDoubleRenderBackend,300,2.018209,41.159167,-5436057750372701143,2007938983,168387632,426746368,0,0
2,AB,B,julia-aa-retained,sample,0,1512,982,DirectDoubleRenderBackend,300,9.428416,27.361041,1826826780153844555,113431745,330590112,897869728,0,0
3,BA,B,mandelbrot-aa-regular,sample,0,1512,982,DirectDoubleRenderBackend,300,2.268959,58.356792,-5436057750372701143,2007938983,152758416,409135248,0,0
3,BA,B,julia-aa-retained,sample,0,1512,982,DirectDoubleRenderBackend,300,9.038292,35.642083,1826826780153844555,113431745,419913744,319799520,1,9
3,BA,A,mandelbrot-aa-regular,sample,0,1512,982,DirectDoubleRenderBackend,300,1.994042,43.313250,-5436057750372701143,2007938983,425125512,678442672,0,0
3,BA,A,julia-aa-retained,sample,0,1512,982,DirectDoubleRenderBackend,300,10.953875,24.620792,1826826780153844555,113431745,898740800,700278136,1,5
4,AB,A,mandelbrot-aa-regular,sample,0,1512,982,DirectDoubleRenderBackend,300,2.164667,41.508417,-5436057750372701143,2007938983,377394048,375562792,1,3
4,AB,A,julia-aa-retained,sample,0,1512,982,DirectDoubleRenderBackend,300,10.730958,24.226250,1826826780153844555,113431745,339432880,906712496,0,0
4,AB,B,mandelbrot-aa-regular,sample,0,1512,982,DirectDoubleRenderBackend,300,1.978916,44.555500,-5436057750372701143,2007938983,428436384,681528760,0,0
4,AB,B,julia-aa-retained,sample,0,1512,982,DirectDoubleRenderBackend,300,10.503416,34.483250,1826826780153844555,113431745,887601312,694970512,1,6
5,BA,B,mandelbrot-aa-regular,sample,0,1512,982,DirectDoubleRenderBackend,300,3.235916,45.584250,-5436057750372701143,2007938983,424289312,677859088,0,0
5,BA,B,julia-aa-retained,sample,0,1512,982,DirectDoubleRenderBackend,300,8.927625,28.994958,1826826780153844555,113431745,882547520,689189968,1,6
5,BA,A,mandelbrot-aa-regular,sample,0,1512,982,DirectDoubleRenderBackend,300,1.863042,40.754458,-5436057750372701143,2007938983,377161624,375345112,1,3
5,BA,A,julia-aa-retained,sample,0,1512,982,DirectDoubleRenderBackend,300,8.491209,20.820292,1826826780153844555,113431745,622259536,563987024,1,6
6,AB,A,mandelbrot-aa-regular,sample,0,1512,982,DirectDoubleRenderBackend,300,1.883250,43.562583,-5436057750372701143,2007938983,276223328,227137008,1,2
6,AB,A,julia-aa-retained,sample,0,1512,982,DirectDoubleRenderBackend,300,8.063833,20.895958,1826826780153844555,113431745,453445368,553309216,1,8
6,AB,B,mandelbrot-aa-regular,sample,0,1512,982,DirectDoubleRenderBackend,300,2.374875,54.525416,-5436057750372701143,2007938983,371974960,630394728,0,0
6,AB,B,julia-aa-retained,sample,0,1512,982,DirectDoubleRenderBackend,300,8.143083,25.455875,1826826780153844555,113431745,828143160,639107072,1,6
7,BA,B,mandelbrot-aa-regular,sample,0,1512,982,DirectDoubleRenderBackend,300,2.245542,40.574459,-5436057750372701143,2007938983,167171344,425984080,0,0
7,BA,B,julia-aa-retained,sample,0,1512,982,DirectDoubleRenderBackend,300,8.491166,24.444833,1826826780153844555,113431745,735570736,697752840,1,8
7,BA,A,mandelbrot-aa-regular,sample,0,1512,982,DirectDoubleRenderBackend,300,1.988667,43.656167,-5436057750372701143,2007938983,371824072,630995384,0,0
7,BA,A,julia-aa-retained,sample,0,1512,982,DirectDoubleRenderBackend,300,11.335292,25.341750,1826826780153844555,113431745,833782608,636463200,1,7
8,AB,A,mandelbrot-aa-regular,sample,0,1512,982,DirectDoubleRenderBackend,300,3.209208,44.420167,-5436057750372701143,2007938983,378296200,375674160,1,3
8,AB,A,julia-aa-retained,sample,0,1512,982,DirectDoubleRenderBackend,300,11.916084,25.995542,1826826780153844555,113431745,318890936,884073400,0,0
8,AB,B,mandelbrot-aa-regular,sample,0,1512,982,DirectDoubleRenderBackend,300,2.062542,43.515667,-5436057750372701143,2007938983,293629144,259429840,1,2
8,AB,B,julia-aa-retained,sample,0,1512,982,DirectDoubleRenderBackend,300,6.388000,21.709333,1826826780153844555,113431745,649208736,525632736,1,9
9,BA,B,mandelbrot-aa-regular,sample,0,1512,982,DirectDoubleRenderBackend,300,3.029333,44.456333,-5436057750372701143,2007938983,267972928,228012112,1,2
9,BA,B,julia-aa-retained,sample,0,1512,982,DirectDoubleRenderBackend,300,8.996875,37.039458,1826826780153844555,113431745,575596576,377492224,1,10
9,BA,A,mandelbrot-aa-regular,sample,0,1512,982,DirectDoubleRenderBackend,300,3.542125,45.687334,-5436057750372701143,2007938983,424687736,677918416,0,0
9,BA,A,julia-aa-retained,sample,0,1512,982,DirectDoubleRenderBackend,300,33.094584,56.632709,1826826780153844555,113431745,858657600,662504472,1,6
10,AB,A,mandelbrot-aa-regular,sample,0,1512,982,DirectDoubleRenderBackend,300,1.881791,41.456666,-5436057750372701143,2007938983,370373920,629170032,0,0
10,AB,A,julia-aa-retained,sample,0,1512,982,DirectDoubleRenderBackend,300,8.493584,21.184000,1826826780153844555,113431745,832601936,638248336,1,6
10,AB,B,mandelbrot-aa-regular,sample,0,1512,982,DirectDoubleRenderBackend,300,3.505458,48.431583,-5436057750372701143,2007938983,428269592,681060248,0,0
10,AB,B,julia-aa-retained,sample,0,1512,982,DirectDoubleRenderBackend,300,10.844041,29.257916,1826826780153844555,113431745,889252920,696612248,1,7
11,BA,B,mandelbrot-aa-regular,sample,0,1512,982,DirectDoubleRenderBackend,300,2.252292,46.720834,-5436057750372701143,2007938983,424950808,678690832,0,0
11,BA,B,julia-aa-retained,sample,0,1512,982,DirectDoubleRenderBackend,300,8.250167,26.885625,1826826780153844555,113431745,877053640,682839264,1,6
11,BA,A,mandelbrot-aa-regular,sample,0,1512,982,DirectDoubleRenderBackend,300,3.178625,43.133916,-5436057750372701143,2007938983,376739536,376870200,1,2
11,BA,A,julia-aa-retained,sample,0,1512,982,DirectDoubleRenderBackend,300,10.919875,23.147958,1826826780153844555,113431745,329311880,892397192,0,0
12,AB,A,mandelbrot-aa-regular,sample,0,1512,982,DirectDoubleRenderBackend,300,3.505250,46.903916,-5436057750372701143,2007938983,424786240,677788568,0,0
12,AB,A,julia-aa-retained,sample,0,1512,982,DirectDoubleRenderBackend,300,10.120584,22.668167,1826826780153844555,113431745,875149872,675614808,1,5
12,AB,B,mandelbrot-aa-regular,sample,0,1512,982,DirectDoubleRenderBackend,300,2.992750,42.733916,-5436057750372701143,2007938983,166384944,425197600,0,0
12,AB,B,julia-aa-retained,sample,0,1512,982,DirectDoubleRenderBackend,300,9.321333,36.022208,1826826780153844555,113431745,375981664,306404416,1,10
13,BA,B,mandelbrot-aa-regular,sample,0,1512,982,DirectDoubleRenderBackend,300,2.155208,105.589583,-5436057750372701143,2007938983,429532080,682863144,0,0
13,BA,B,julia-aa-retained,sample,0,1512,982,DirectDoubleRenderBackend,300,8.000834,24.497125,1826826780153844555,113431745,878547168,683676064,1,5
13,BA,A,mandelbrot-aa-regular,sample,0,1512,982,DirectDoubleRenderBackend,300,2.091875,41.098959,-5436057750372701143,2007938983,165072976,422959496,0,0
13,BA,A,julia-aa-retained,sample,0,1512,982,DirectDoubleRenderBackend,300,14.313875,29.297541,1826826780153844555,113431745,780136160,658352672,4,19
14,AB,A,mandelbrot-aa-regular,sample,0,1512,982,DirectDoubleRenderBackend,300,2.123834,43.789459,-5436057750372701143,2007938983,422836088,675679208,0,0
14,AB,A,julia-aa-retained,sample,0,1512,982,DirectDoubleRenderBackend,300,10.204125,22.452500,1826826780153844555,113431745,876420488,676233096,1,5
14,AB,B,mandelbrot-aa-regular,sample,0,1512,982,DirectDoubleRenderBackend,300,3.340000,50.495916,-5436057750372701143,2007938983,371800824,629564904,0,0
14,AB,B,julia-aa-retained,sample,0,1512,982,DirectDoubleRenderBackend,300,9.032375,26.135792,1826826780153844555,113431745,828157032,640540560,1,7
15,BA,B,mandelbrot-aa-regular,sample,0,1512,982,DirectDoubleRenderBackend,300,2.010333,48.894625,-5436057750372701143,2007938983,166191328,423100448,0,0
15,BA,B,julia-aa-retained,sample,0,1512,982,DirectDoubleRenderBackend,300,8.905500,24.787792,1826826780153844555,113431745,322656104,884692840,0,0
15,BA,A,mandelbrot-aa-regular,sample,0,1512,982,DirectDoubleRenderBackend,300,1.925500,43.673125,-5436057750372701143,2007938983,371490592,629646456,0,0
15,BA,A,julia-aa-retained,sample,0,1512,982,DirectDoubleRenderBackend,300,8.414875,21.290625,1826826780153844555,113431745,821203760,625999872,1,7
16,AB,A,mandelbrot-aa-regular,sample,0,1512,982,DirectDoubleRenderBackend,300,2.061250,44.696000,-5436057750372701143,2007938983,372349008,629838928,0,0
16,AB,A,julia-aa-retained,sample,0,1512,982,DirectDoubleRenderBackend,300,9.819292,22.037500,1826826780153844555,113431745,846910736,651926656,1,9
16,AB,B,mandelbrot-aa-regular,sample,0,1512,982,DirectDoubleRenderBackend,300,2.416958,44.885708,-5436057750372701143,2007938983,371933296,627995768,0,0
16,AB,B,julia-aa-retained,sample,0,1512,982,DirectDoubleRenderBackend,300,9.354208,25.892000,1826826780153844555,113431745,838554720,651651120,1,7
17,BA,B,mandelbrot-aa-regular,sample,0,1512,982,DirectDoubleRenderBackend,300,3.356542,96.179167,-5436057750372701143,2007938983,424060328,676824184,0,0
17,BA,B,julia-aa-retained,sample,0,1512,982,DirectDoubleRenderBackend,300,8.090084,23.978500,1826826780153844555,113431745,875932688,681980008,1,5
17,BA,A,mandelbrot-aa-regular,sample,0,1512,982,DirectDoubleRenderBackend,300,1.900959,41.730292,-5436057750372701143,2007938983,426532376,680081520,0,0
17,BA,A,julia-aa-retained,sample,0,1512,982,DirectDoubleRenderBackend,300,7.726583,22.075333,1826826780153844555,113431745,490126400,452197800,1,14
18,AB,A,mandelbrot-aa-regular,sample,0,1512,982,DirectDoubleRenderBackend,300,2.614750,44.832000,-5436057750372701143,2007938983,371385208,374264920,1,3
18,AB,A,julia-aa-retained,sample,0,1512,982,DirectDoubleRenderBackend,300,5.662167,18.960000,1826826780153844555,113431745,555259576,431418536,1,8
18,AB,B,mandelbrot-aa-regular,sample,0,1512,982,DirectDoubleRenderBackend,300,2.224041,44.477083,-5436057750372701143,2007938983,430221384,683061472,0,0
18,AB,B,julia-aa-retained,sample,0,1512,982,DirectDoubleRenderBackend,300,16.953166,54.510125,1826826780153844555,113431745,884543352,688128016,1,6
19,BA,B,mandelbrot-aa-regular,sample,0,1512,982,DirectDoubleRenderBackend,300,4.457542,64.948834,-5436057750372701143,2007938983,320909856,257768432,1,1
19,BA,B,julia-aa-retained,sample,0,1512,982,DirectDoubleRenderBackend,300,9.348208,26.565625,1826826780153844555,113431745,238561856,800412976,0,0
19,BA,A,mandelbrot-aa-regular,sample,0,1512,982,DirectDoubleRenderBackend,300,3.354958,45.751583,-5436057750372701143,2007938983,371203288,629597632,0,0
19,BA,A,julia-aa-retained,sample,0,1512,982,DirectDoubleRenderBackend,300,9.587250,23.262375,1826826780153844555,113431745,830504752,636259920,1,6
20,AB,A,mandelbrot-aa-regular,sample,0,1512,982,DirectDoubleRenderBackend,300,1.873875,44.499375,-5436057750372701143,2007938983,423817544,677342544,0,0
20,AB,A,julia-aa-retained,sample,0,1512,982,DirectDoubleRenderBackend,300,10.211750,23.251000,1826826780153844555,113431745,889141640,691429768,1,14
20,AB,B,mandelbrot-aa-regular,sample,0,1512,982,DirectDoubleRenderBackend,300,2.007750,42.217875,-5436057750372701143,2007938983,372426056,630930680,0,0
20,AB,B,julia-aa-retained,sample,0,1512,982,DirectDoubleRenderBackend,300,10.554584,29.147959,1826826780153844555,113431745,805590624,614312480,1,7
21,BA,B,mandelbrot-aa-regular,sample,0,1512,982,DirectDoubleRenderBackend,300,3.307625,42.620167,-5436057750372701143,2007938983,377586896,375790856,1,2
21,BA,B,julia-aa-retained,sample,0,1512,982,DirectDoubleRenderBackend,300,9.086125,26.114250,1826826780153844555,113431745,341764192,903276640,0,0
21,BA,A,mandelbrot-aa-regular,sample,0,1512,982,DirectDoubleRenderBackend,300,2.996958,42.863750,-5436057750372701143,2007938983,484661952,313637472,1,1
21,BA,A,julia-aa-retained,sample,0,1512,982,DirectDoubleRenderBackend,300,7.909042,22.689375,1826826780153844555,113431745,422084736,526649264,1,8
22,AB,A,mandelbrot-aa-regular,sample,0,1512,982,DirectDoubleRenderBackend,300,1.986834,44.702459,-5436057750372701143,2007938983,378281112,375725176,1,3
22,AB,A,julia-aa-retained,sample,0,1512,982,DirectDoubleRenderBackend,300,13.178750,28.868417,1826826780153844555,113431745,332169216,895254528,0,0
22,AB,B,mandelbrot-aa-regular,sample,0,1512,982,DirectDoubleRenderBackend,300,3.936791,44.230750,-5436057750372701143,2007938983,479276864,323223632,1,1
22,AB,B,julia-aa-retained,sample,0,1512,982,DirectDoubleRenderBackend,300,13.360500,29.350584,1826826780153844555,113431745,954259616,315806992,2,13
23,BA,B,mandelbrot-aa-regular,sample,0,1512,982,DirectDoubleRenderBackend,300,3.224917,42.716875,-5436057750372701143,2007938983,169705944,427464776,0,0
23,BA,B,julia-aa-retained,sample,0,1512,982,DirectDoubleRenderBackend,300,14.241208,29.402792,1826826780153844555,113431745,777677584,377918320,2,17
23,BA,A,mandelbrot-aa-regular,sample,0,1512,982,DirectDoubleRenderBackend,300,3.203667,42.284167,-5436057750372701143,2007938983,172270384,431538656,0,0
23,BA,A,julia-aa-retained,sample,0,1512,982,DirectDoubleRenderBackend,300,8.967000,22.740792,1826826780153844555,113431745,683070752,684719088,1,6
24,AB,A,mandelbrot-aa-regular,sample,0,1512,982,DirectDoubleRenderBackend,300,2.044500,40.945750,-5436057750372701143,2007938983,164948752,422255656,0,0
24,AB,A,julia-aa-retained,sample,0,1512,982,DirectDoubleRenderBackend,300,15.847250,29.474458,1826826780153844555,113431745,776878696,378758488,2,15
24,AB,B,mandelbrot-aa-regular,sample,0,1512,982,DirectDoubleRenderBackend,300,3.332208,45.780875,-5436057750372701143,2007938983,426381552,679498848,0,0
24,AB,B,julia-aa-retained,sample,0,1512,982,DirectDoubleRenderBackend,300,7.671791,25.017291,1826826780153844555,113431745,477419824,437454752,1,8
25,BA,B,mandelbrot-aa-regular,sample,0,1512,982,DirectDoubleRenderBackend,300,2.001167,50.880375,-5436057750372701143,2007938983,424045600,677883752,0,0
25,BA,B,julia-aa-retained,sample,0,1512,982,DirectDoubleRenderBackend,300,8.679667,26.598625,1826826780153844555,113431745,876311680,682847616,1,6
25,BA,A,mandelbrot-aa-regular,sample,0,1512,982,DirectDoubleRenderBackend,300,2.392625,45.068250,-5436057750372701143,2007938983,427725968,681001504,0,0
25,BA,A,julia-aa-retained,sample,0,1512,982,DirectDoubleRenderBackend,300,11.350458,25.000208,1826826780153844555,113431745,901925048,705072720,1,6
26,AB,A,mandelbrot-aa-regular,sample,0,1512,982,DirectDoubleRenderBackend,300,1.860167,39.964792,-5436057750372701143,2007938983,377396608,375837072,1,3
26,AB,A,julia-aa-retained,sample,0,1512,982,DirectDoubleRenderBackend,300,11.861125,25.292000,1826826780153844555,113431745,320345872,883955472,0,0
26,AB,B,mandelbrot-aa-regular,sample,0,1512,982,DirectDoubleRenderBackend,300,2.186916,45.235375,-5436057750372701143,2007938983,424594616,678128456,0,0
26,AB,B,julia-aa-retained,sample,0,1512,982,DirectDoubleRenderBackend,300,8.725916,26.725708,1826826780153844555,113431745,872496224,678577648,1,6
27,BA,B,mandelbrot-aa-regular,sample,0,1512,982,DirectDoubleRenderBackend,300,3.117042,42.840167,-5436057750372701143,2007938983,166567704,425014784,0,0
27,BA,B,julia-aa-retained,sample,0,1512,982,DirectDoubleRenderBackend,300,9.041916,27.442833,1826826780153844555,113431745,336440056,902146808,0,0
27,BA,A,mandelbrot-aa-regular,sample,0,1512,982,DirectDoubleRenderBackend,300,3.090916,43.378625,-5436057750372701143,2007938983,195275960,452985096,0,0
27,BA,A,julia-aa-retained,sample,0,1512,982,DirectDoubleRenderBackend,300,12.232000,25.130750,1826826780153844555,113431745,406285568,973565184,0,0
28,AB,A,mandelbrot-aa-regular,sample,0,1512,982,DirectDoubleRenderBackend,300,3.087750,45.544375,-5436057750372701143,2007938983,425185504,678755280,0,0
28,AB,A,julia-aa-retained,sample,0,1512,982,DirectDoubleRenderBackend,300,11.384958,25.434292,1826826780153844555,113431745,884820464,684157600,1,5
28,AB,B,mandelbrot-aa-regular,sample,0,1512,982,DirectDoubleRenderBackend,300,1.871958,40.944083,-5436057750372701143,2007938983,376500152,376331568,1,2
28,AB,B,julia-aa-retained,sample,0,1512,982,DirectDoubleRenderBackend,300,8.754750,26.529625,1826826780153844555,113431745,328585944,890622680,0,0
29,BA,B,mandelbrot-aa-regular,sample,0,1512,982,DirectDoubleRenderBackend,300,3.452666,46.496041,-5436057750372701143,2007938983,371651888,629159160,0,0
29,BA,B,julia-aa-retained,sample,0,1512,982,DirectDoubleRenderBackend,300,8.725375,24.672625,1826826780153844555,113431745,813797680,620635264,1,8
29,BA,A,mandelbrot-aa-regular,sample,0,1512,982,DirectDoubleRenderBackend,300,2.061833,45.227666,-5436057750372701143,2007938983,427894552,680412048,0,0
29,BA,A,julia-aa-retained,sample,0,1512,982,DirectDoubleRenderBackend,300,10.673000,23.864500,1826826780153844555,113431745,882489864,682507232,1,5
